<?xml version="1.0" encoding="UTF-8"?>
<project-private xmlns="http://www.netbeans.org/ns/project-private/1">
    <editor-bookmarks xmlns="http://www.netbeans.org/ns/editor-bookmarks/2" lastBookmarkId="0"/>
    <open-files xmlns="http://www.netbeans.org/ns/projectui-open-files/2">
        <group>
            <file>file:/Users/caspar/NetBeansProjects/Projet%20Java/src/Model/Discipline.java</file>
            <file>file:/Users/caspar/NetBeansProjects/Projet%20Java/src/Model/Enseignement.java</file>
            <file>file:/Users/caspar/NetBeansProjects/Projet%20Java/src/Model/Classe.java</file>
            <file>file:/Users/caspar/NetBeansProjects/Projet%20Java/src/Model/Evaluation.java</file>
            <file>file:/Users/caspar/NetBeansProjects/Projet%20Java/src/Model/DetailBulletin.java</file>
            <file>file:/Users/caspar/NetBeansProjects/Projet%20Java/src/Model/AnneeScolaire.java</file>
            <file>file:/Users/caspar/NetBeansProjects/Projet%20Java/src/Model/Niveau.java</file>
            <file>file:/Users/caspar/NetBeansProjects/Projet%20Java/src/Model/Inscription.java</file>
            <file>file:/Users/caspar/NetBeansProjects/Projet%20Java/src/Model/Trimestre.java</file>
            <file>file:/Users/caspar/NetBeansProjects/Projet%20Java/src/Model/Personne.java</file>
            <file>file:/Users/caspar/NetBeansProjects/Projet%20Java/src/Model/Bulletin.java</file>
            <file>file:/Users/caspar/NetBeansProjects/Projet%20Java/src/Model/Ecole.java</file>
        </group>
    </open-files>
</project-private>
