<?xml version="1.0" encoding="UTF-8"?>
<project-private xmlns="http://www.netbeans.org/ns/project-private/1">
    <editor-bookmarks xmlns="http://www.netbeans.org/ns/editor-bookmarks/2" lastBookmarkId="0"/>
    <open-files xmlns="http://www.netbeans.org/ns/projectui-open-files/2">
        <group>
            <file>file:/C:/Users/Vincent%20Rouillé/Documents/NetBeansProjects/TestProjetJava/src/test/AjoutNote.java</file>
            <file>file:/C:/Users/Vincent%20Rouillé/Documents/NetBeansProjects/TestProjetJava/src/test/EcranConnexion.java</file>
            <file>file:/C:/Users/Vincent%20Rouillé/Documents/NetBeansProjects/TestProjetJava/src/test/ConnexionBDD.java</file>
            <file>file:/C:/Users/Vincent%20Rouillé/Documents/NetBeansProjects/TestProjetJava/src/test/PageAdmin.java</file>
            <file>file:/C:/Users/Vincent%20Rouillé/Documents/NetBeansProjects/TestProjetJava/src/test/GestionClasse.java</file>
        </group>
    </open-files>
</project-private>
